id,keyword
1,lyft
2,uber
3,doordash
4,tulbelt
5,driver
6,model
7,drivers
8,cleaner
9,cleaning
10,pca
11,sex
12,handyman
13,assistant
14,assistants
15,manager
16,caregiver
17,artist
18,furniture
19,song
20,construction
21,tax
22,fedex
23,teacher
24,fellowship
25,truck
26,movers
27,barista
28,agent
29,agents
30,warehouse
31,nanny
32,paint
33,boxes
34,architect
35,'paralegal'
36,diabet
37,secretar
38,mechanic
39,moving
40,volunteer
41,partner
42,delivery
43,merchandiser
44,electrician
45,plumber
46,engineer
47,eggs
48,realtor
49,officer
50,snagajob
51,substitute
52,hvac
53,casting
54,foreman
55,concrete
56,limpiadores
57,singer
58,musicians
59,receptionist
60,blog
61,anthology
62,woman
63,park
64,accounting
65,sperm
66,housekeeper
67,ultrasound
68,personnel
69,market
70,property
71,covid
72,instructor
73,lights
74,care
75,admin
76,interviewer
77,seamstres
78,apprentice
79,nurse
80,shovel
81,illustrator
82,technician
83,bullshit
84,operator
85,lockdown
86,training
87,groundskeeper
88,condoms
89,welder
90,garage
91,coronavirus
92,athlet
93,laundry
94,nursery
95,custodian
96,archivist
97,actress
98,agency
99,airbrush
100,creative
101,office
102,keeper
103,videographer
104,event
105,cresco
106,video
107,cook
108,ventas
109,insurance
110,restaurant
111,celebrity
112,laborers
113,billing
114,counselor
115,coordinator
116,cna
117,unlicensed
118,collector
119,harvest
120,caribbean
121,county
122,auto
123,babysitt
124,nannies
125,synthesizer
126,therapist
127,sales
128,executive
129,electrican
130,shift
131,dish
132,pharmacy
133,redfin
134,zifty