msa,search
edmonton,1
winnipeg,1
santabarbara,1
bellingham,1
santafe,1
ventura,1
bakersfield,1
vancouver,1
gulfport,1
omaha,1
victoria,1
atlanta,1
tulsa,1
tippecanoe,1
cincinnati,1
saltlakecity,1
austin,1
boston,1
palmsprings,1
chicago,1
springfieldil,1
dallas,1
denver,1
detroit,1
houston,1
lynchburg,1
lasvegas,1
losangeles,1
miami,1
minneapolis,1
newyork,1
wichita,1
philadelphia,1
pittsburgh,1
phoenix,1
portland,1
boulder,1
merced,1
annarbor,1
gainesville,1
seattle,1
sfbay,1
lincoln,1
tucson,1
southbend,1
neworleans,1
collegestation,1
lansing,1
raleigh,1
boise,1
reno,1
humboldt,1
orangecounty,1
ithaca,1
rochester,1
washingtondc,1